Chr;Start;End;Ref;Alt;Gene;Variant;Consequence;Freq_pop;II-3
chr1;888639;888639;T;C;NOC2L;NOC2L:NM_015658:c.A918G:p.E306E;synonymous_variant;0,935;1/1
chr1;6269021;6269021;C;T;RNF207;RNF207:NM_207396:c.C405T:p.R135R;synonymous_variant;0,031;0/1
chr1;12942138;12942138;C;G;PRAMEF4;PRAMEF4:NM_001009611:c.G412C:p.E138Q;missense_variant;0,1;0/1
chr1;17313343;17313343;G;A;ATP13A2;ATP13A2:NM_001141974:c.C3060T:p.A1020A;synonymous_variant;0,459;1/1
chr1;21889635;21889635;T;C;ALPL;ALPL:NM_001177520:c.T99C:p.S33S;synonymous_variant;0,945;1/1
chr1;32127953;32127953;G;A;COL16A1;COL16A1:NM_001856:c.C3663T:p.D1221D;synonymous_variant;0,416;0/1
chr1;41668396;41668396;G;A;ANK1;ANK1:NM_000037:c.G5265A:p.V1755V;synonymous_variant;0,2266;0/1
chr1;42693597;42693597;A;G;FOXJ3;FOXJ3:NM_001198850:c.T485C:p.V162A;missense_variant;0,803;0/1
chr1;55182300;55182300;T;A;TTC4;TTC4:NM_001291333:c.T139A:p.S47T;missense_variant;0,598;0/1
chr1;75037845;75037845;A;G;C1orf173;ERICH3:NM_001002912:c.T3549C:p.S1183S;synonymous_variant;0,376;0/1
chr1;91781413;91781413;T;G;HFM1;HFM1:NM_001017975:c.A3099C:p.I1033I;synonymous_variant;0,705;1/1
chr1;113063125;113063125;A;G;WNT2B;WNT2B:NM_001291880:c.A894G:p.Q298Q;synonymous_variant;0,47;0/1
chr1;144852390;144852390;C;T;PDE4DIP;PDE4DIP:NM_001198834:c.G7053A:p.W2351X;stop_gained;0,5;0/1
chr1;145354441;145354441;A;G;NBPF10;NBPF10:NM_001039703:c.A7856G:p.H2619R;missense_variant;0,898;1/1
chr1;155026942;155026942;A;C;ADAM15;ADAM15:NM_001261464:c.A602C:p.K201T;missense_variant;0,887;1/1
chr1;158735691;158735691;T;C;OR6N1;OR6N1:NM_001005185:c.A782G:p.Q261R;missense_variant;0,679;0/1
chr1;170135760;170135760;T;C;METTL11B;METTL11B:NM_001136107:c.T448C:p.S150P;missense_variant;0,259;0/1
chr1;184677464;184677464;G;A;EDEM3;EDEM3:NM_025191:c.C1860T:p.I620I;synonymous_variant;0,535;0/1
chr1;205027390;205027390;C;T;CNTN2;CNTN2:NM_005076:c.C297T:p.N99N;synonymous_variant;0,047;0/1
chr1;226352498;226352498;T;G;ACBD3;ACBD3:NM_022735:c.A561C:p.E187D;missense_variant;0,574;0/1
chr1;237890437;237890437;C;T;RYR2;RYR2:NM_001035:c.C10776T:p.S3592S;synonymous_variant;0,989;1/1
chr1;248436611;248436611;G;A;OR2T33;OR2T33:NM_001004695:c.C506T:p.A169V;missense_variant;0,591;1/1
chr2;10942687;10942687;C;T;PDIA6;PDIA6:NM_005742:c.G99A:p.S33S;synonymous_variant;0,547;1/1
chr2;24087119;24087119;G;T;KIF1A;KIF1A:NM_001244008.1:c.914G>T:p.R305L;missense_variant;0,241;0/1
chr2;32154879;32154879;C;T;SPAST;SPAST:NM_014946.4:c.1305C>T:p.N435N;synonymous_variant;0,023;0/1
chr2;33488419;33488419;G;A;LTBP1;LTBP1:NM_000627:c.G1599A:p.T533T;synonymous_variant;0,247;0/1
chr2;71058184;71058184;C;T;CD207;CD207:NM_015717:c.G984A:p.P328P;synonymous_variant;0,216;0/1
chr2;85214309;85214309;G;A;REEP1;REEP1:NM_001040458.2:c.239G>A:p.R80H;missense_variant;0,035;0/1
chr2;85780131;85780131;G;A;GGCX;GGCX:NM_001142269:c.C1047T:p.R349R;synonymous_variant;0,266;0/1
chr2;101591304;101591304;A;G;NPAS2;NPAS2:NM_002518:c.A1180G:p.T394A;missense_variant;0,707;1/1
chr2;128870808;128870808;T;C;UGGT1;UGGT1:NM_020120:c.T672C:p.N224N;synonymous_variant;0,92;1/1
chr2;160086653;160086653;C;T;TANC1;TANC1:NM_033394:c.C4716T:p.A1572A;synonymous_variant;0,429;0/1
chr2;175200903;175200903;G;C;AC018470.1;SP9:NM_001145250:c.G90C:p.T30T;missense_variant;0,207;0/1
chr2;182399638;182399638;A;G;ITGA4;ITGA4:NM_000885:c.A2979G:p.L993L;synonymous_variant;0,999;1/1
chr2;201354866;201354866;G;A;KCTD18;KCTD18:NM_152387:c.C1238T:p.A413V;missense_variant;0,00645;0/1
chr2;206588570;206588570;G;A;NRP2;NRP2:NM_003872:c.G726A:p.T242T;synonymous_variant;0,00372;0/1
chr2;216249587;216249587;C;T;FN1;FN1:NM_001306131:c.G4452A:p.E1484E;synonymous_variant;0,875;0/1
chr2;228883721;228883721;T;C;SPHKAP;SPHKAP:NM_001142644:c.A1849G:p.K617E;missense_variant;0,571;0/1
chr2;238283472;238283472;T;G;COL6A3;COL6A3:NM_057166:c.A1441C:p.K481Q;missense_variant;0,036;0/1
chr3;17053499;17053499;A;G;PLCL2;PLCL2:NM_015184:c.A2283G:p.G761G;synonymous_variant;0,579;1/1
chr3;39185077;39185077;G;A;CSRNP1;CSRNP1:NM_033027:c.C1239T:p.S413S;synonymous_variant;0,609;0/1
chr3;49737954;49737954;G;A;RNF123;RNF123:NM_022064:c.G1160A:p.R387Q;missense_variant;0,05;0/1
chr3;58118555;58118555;G;A;FLNB;FLNB:NM_001164318:c.G4411A:p.V1471M;missense_variant;0,395;0/1
chr3;111799845;111799845;A;T;TMPRSS7;TMPRSS7:NM_001042575:c.A2068T:p.S690C;missense_variant;0,944;0/1
chr3;122288210;122288210;G;A;DTX3L;DTX3L:NM_138287:c.G1274A:p.R425K;missense_variant;0,566;1/1
chr3;130440486;130440486;C;T;;COL6A5:NM_001278298.2:c.6148C>T:p.Q2050X;stop_gained;0,018;0/1
chr3;136574501;136574501;A;G;SLC35G2;SLC35G2:NM_001097599:c.A1199G:p.K400R;missense_variant;0,714;1/1
chr3;170811667;170811667;G;A;TNIK;TNIK:NM_001161566:c.C2406T:p.S802S;synonymous_variant;0,085;0/1
chr3;186358366;186358366;A;C;FETUB;FETUB:NM_001308077:c.A117C:p.S39S;synonymous_variant;0,115;0/1
chr3;195506267;195506267;C;T;MUC4;MUC4:NM_018406:c.G12184A:p.A4062T;missense_variant;0,000178;0/1
chr3;195513426;195513426;G;T;MUC4;MUC4:NM_018406:c.C5025A:p.T1675T;synonymous_variant;NA;0/1
chr4;4228424;4228424;T;C;OTOP1;OTOP1:NM_177998:c.A168G:p.K56K;synonymous_variant;0,056;0/1
chr4;13615174;13615174;G;A;BOD1L1;BOD1L1:NM_148894:c.C1286T:p.T429M;missense_variant;0,145;0/1
chr4;40440854;40440854;G;C;RBM47;RBM47:NM_019027:c.C57G:p.S19S;synonymous_variant;0,827;1/1
chr4;72618334;72618334;A;C;GC;GC:NM_000583:c.T1296G:p.D432E;missense_variant;0,516;0/1
chr4;88536520;88536520;T;C;DSPP;DSPP:NM_014208:c.T2706C:p.D902D;synonymous_variant;NA;0/1
chr4;115997346;115997346;T;C;NDST4;NDST4:NM_022569:c.A847G:p.I283V;missense_variant;0,00537;0/1
chr4;155410731;155410731;G;C;DCHS2;DCHS2:NM_001142552:c.C1777G:p.Q593E;missense_variant;0,186;0/1
chr4;174766986;174766986;-;G;GLRA3;GLRA3:NM_001042543:c.243_244insC:p.G82fs;frameshift_variant;0;0/1
chr4;184426387;184426387;C;T;ING2;ING2:NM_001564:c.C39T:p.A13A;synonymous_variant;0,729;1/1
chr5;32087802;32087802;A;-;PDZD2;PDZD2:NM_178140:c.4248delA:p.P1416fs;synonymous_variant;8,13E-06;0/1
chr5;37231096;37231096;T;C;C5orf42;C5orf42:NM_023073:c.A994G:p.M332V;missense_variant;0,000959;0/1
chr5;70308251;70308251;C;T;NAIP;NAIP:NM_004536:c.G492A:p.A164A;synonymous_variant;0,802;1/1
chr5;96249115;96249115;C;T;ERAP2;ERAP2:NM_001130140:c.C2611T:p.L871L;synonymous_variant;0,548;0/1
chr5;137717213;137717213;G;A;KDM3B;KDM3B:NM_016604:c.G714A:p.E238E;synonymous_variant;0,35;0/1
chr5;140789933;140789933;G;A;PCDHGB6;PCDHGB6:NM_018926:c.G2164A:p.A722T;missense_variant;0,253;0/1
chr5;150905398;150905398;C;T;FAT2;FAT2:NM_001447:c.G10437A:p.P3479P;synonymous_variant;0,209;0/1
chr5;168098235;168098235;A;G;SLIT3;SLIT3:NM_001271946:c.T4116C:p.D1372D;synonymous_variant;0,267;0/1
chr5;178634672;178634672;C;T;ADAMTS2;ADAMTS2:NM_014244:c.G733A:p.V245I;missense_variant;0,354;0/1
chr6;24437445;24437445;G;A;GPLD1;GPLD1:NM_001503:c.C2093T:p.T698I;missense_variant;0,967;0/1
chr6;35423886;35423886;C;T;FANCE;FANCE:NM_021922:c.C611T:p.S204L;missense_variant;0,017;0/1
chr6;44218120;44218120;A;G;HSP90AB1;HSP90AB1:NM_001271969:c.A741G:p.K247K;synonymous_variant;0,68;1/1
chr6;65301504;65301504;A;G;EYS;EYS:NM_001142800:c.T4256C:p.L1419S;missense_variant;0,736;1/1
chr6;99893938;99893938;T;C;USP45;USP45:NM_001080481:c.A1710G:p.G570G;synonymous_variant;0,337;0/1
chr6;127836860;127836860;G;A;SOGA3;SOGA3:NM_001012279:c.C900T:p.C300C;synonymous_variant;0,019;0/1
chr6;151670726;151670726;G;A;AKAP12;AKAP12:NM_144497:c.G906A:p.A302A;synonymous_variant;0,012;0/1
chr6;159420545;159420545;G;C;RSPH3;RSPH3:NM_031924:c.C464G:p.P155R;missense_variant;0,014;0/1
chr6;170144228;170144228;C;A;TCTE3;TCTE3:NM_174910:c.G263T:p.R88I;missense_variant;0,074;0/1
chr7;2649685;2649685;T;C;IQCE;IQCE:NM_001287501:c.T1782C:p.S594S;synonymous_variant;0,00596;0/1
chr7;13978809;13978809;T;C;ETV1;ETV1:NM_001163151:c.A124G:p.S42G;missense_variant;0,349;0/1
chr7;31690831;31690831;C;T;CCDC129;CCDC129:NM_194300:c.C2659T:p.H887Y;missense_variant;0,014;0/1
chr7;55249063;55249063;G;A;EGFR;EGFR:NM_005228:c.G2361A:p.Q787Q;synonymous_variant;0,522;0/1
chr7;75028469;75028469;A;G;TRIM73;TRIM74:NM_198853:c.A252G:p.P84P;synonymous_variant;0,02;1/1
chr7;92146687;92146687;G;T;PEX1;PEX1:NM_000466:c.C1142A:p.A381D;missense_variant;0,00245;0/1
chr7;102743893;102743893;C;T;NAPEPLD;NAPEPLD:NM_001122838:c.G1165A:p.D389N;missense_variant;0,959;1/1
chr7;128607384;128607384;G;A;TNPO3;TNPO3:NM_001191028:c.C2469T:p.A823A;synonymous_variant;0,478;0/1
chr7;141673345;141673345;C;G;TAS2R38;TAS2R38:NM_176817:c.G145C:p.A49P;missense_variant;0,445;0/1
chr7;150934975;150934975;C;G;CHPF2;CHPF2:NM_019015:c.C1527G:p.A509A;synonymous_variant;0,414;0/1
chr8;6389889;6389889;C;G;ANGPT2;ANGPT2:NM_001118887:c.G408C:p.A136A;synonymous_variant;0,331;2/1
chr8;22974415;22974415;G;A;TNFRSF10C;TNFRSF10C:NM_003841:c.G651A:p.P217P;synonymous_variant;0,00353;0/1
chr8;33369994;33369994;A;G;TTI2;TTI2:NM_025115:c.T138C:p.N46N;synonymous_variant;0,601;0/1
chr8;70967607;70967607;T;C;PRDM14;PRDM14:NM_024504:c.A1416G:p.Q472Q;synonymous_variant;0,648;0/1
chr8;120596023;120596023;A;G;ENPP2;ENPP2:NM_001040092:c.T1477C:p.S493P;missense_variant;0,957;0/1
chr8;142458053;142458053;A;G;MROH5;UNKNOWN;stop_lost;0,431;0/1
chr8;144295154;144295154;C;T;GPIHBP1;GPIHBP1:NM_001301772:c.C12T:p.L4L;synonymous_variant;0,168;0/1
chr8;145742514;145742514;A;G;RECQL4;RECQL4:NM_004260:c.T274C:p.S92P;missense_variant;0,973;1/1
chr9;12709122;12709122;G;A;TYRP1;TYRP1:NM_000550:c.1554G>A:p.G519G;synonymous_variant;0,000006;0/1
chr9;12709125;12709125;T;G;TYRP1;TYRP1:NM_000550:c.1557T>G:p.Y519X;stop_gained;0,00362;0/1
chr9;17342383;17342383;C;T;CNTLN;CNTLN:NM_017738:c.C1827T:p.D609D;synonymous_variant;0,986;1/1
chr9;35662251;35662251;T;C;ARHGEF39;ARHGEF39:NM_032818:c.A917G:p.H306R;missense_variant;0,323;0/1
chr9;85627408;85627408;G;A;RASEF;RASEF:NM_152573:c.C784T:p.R262C;missense_variant;0,504;0/1
chr9;104152846;104152846;G;A;MRPL50;MRPL50:NM_019051:c.C379T:p.L127F;missense_variant;0,066;0/1
chr9;115600848;115600848;T;C;SNX30;SNX30:NM_001012994:c.T885C:p.A295A;synonymous_variant;0,981;1/1
chr9;127566378;127566378;A;G;OLFML2A;OLFML2A:NM_001282715:c.A283G:p.T95A;missense_variant;0,73;0/1
chr9;127842345;127842345;C;A;BICD2;BICD2:NM_001003800.3:c.1129C>A:p.R377S;missense_variant;0,025;0/1
chr9;133928345;133928345;C;T;LAMC3;LAMC3:NM_006059:c.C1932T:p.S644S;synonymous_variant;0,443;1/1
chr9;135982222;135982222;T;C;SETX;SETX:NM_015046.6:c.5983T>C:p.F1995S;missense_variant;0,23;0/1
chr9;137642654;137642654;G;A;COL5A1;COL5A1:NM_000093:c.G1588A:p.G530S;missense_variant;0,035;0/1
chr9;140357972;140357972;A;G;PNPLA7;PNPLA7:NM_152286:c.T3163C:p.W1055R;missense_variant;0,994;1/1
chr10;11805354;11805354;A;G;ECHDC3;ECHDC3:NM_024693:c.A723G:p.A241A;synonymous_variant;0,555;0/1
chr10;37505192;37505192;C;T;ANKRD30A;ANKRD30A:NM_052997:c.C2785T:p.R929C;missense_variant;0,201;0/1
chr10;60588553;60588553;T;C;BICC1;BICC1:NM_001080512:c.T2827C:p.S943P;missense_variant;0,7;1/1
chr10;73455273;73455273;T;C;CDH23;CDH23:NM_001171930:c.T2388C:p.D796D;synonymous_variant;0,635;1/1
chr10;96997820;96997820;A;G;PDLIM1;PDLIM1:NM_020992:c.T852C:p.Y284Y;synonymous_variant;0,196;0/1
chr10;105657363;105657363;C;G;OBFC1;OBFC1:NM_024928:c.G696C:p.V232V;synonymous_variant;0,2;0/1
chr10;125506302;125506302;T;C;CPXM2;CPXM2:NM_198148:c.A2249G:p.Q750R;missense_variant;0,994;1/1
chr11;557989;557989;C;T;C11orf35;LMNTD2:NM_173573:c.G450A:p.Q150Q;synonymous_variant;0,545;1/1
chr11;1094753;1094753;A;C;MUC2;MUC2:NM_002457:c.A5829C:p.P1943P;synonymous_variant;0,669;0/1
chr11;4869649;4869649;G;A;OR51S1;OR51S1:NM_001004758:c.C790T:p.L264F;missense_variant;0,37;0/1
chr11;5776287;5776287;C;T;OR52N4;OR52N4:NM_001005175:c.C317T:p.T106I;missense_variant;0,944;1/1
chr11;7949791;7949791;A;C;OR10A6;OR10A6:NM_001004461:c.T419G:p.V140G;missense_variant;0,416;0/1
chr11;20622975;20622975;G;A;SLC6A5;SLC6A5:NM_004211:c.G304A:p.G102S;missense_variant;0,35;0/1
chr11;47464284;47464284;C;T;RAPSN;RAPSN:NM_005055:c.G614A:p.R205Q;missense_variant;0,015;0/1
chr11;55587914;55587914;A;G;OR5D18;OR5D18:NM_001001952:c.A809G:p.H270R;missense_variant;0,28;1/1
chr11;60776209;60776209;C;T;CD6;CD6:NM_001254750:c.C673T:p.R225W;missense_variant;0,305;0/1
chr11;64026144;64026144;G;A;PLCB3;PLCB3:NM_001184883:c.G1011A:p.S337S;synonymous_variant;0,581;0/1
chr11;66393082;66393082;A;C;RBM14;RBM14:NM_006328:c.A1735C:p.T579P;missense_variant;NA;0/1
chr11;76507692;76507692;T;A;TSKU;TSKU:NM_001258210:c.T1032A:p.D344E;missense_variant;0,679;1/1
chr11;102593248;102593248;T;C;MMP8;MMP8:NM_002424:c.A259G:p.K87E;missense_variant;0,542;0/1
chr11;117252489;117252489;T;-;CEP164;CEP164:NM_001271933:c.1491delT:p.P497fs;synonymous_variant;4,09E-05;0/1
chr11;123894234;123894234;A;G;OR10G9;OR10G9:NM_001001953:c.A515G:p.Q172R;missense_variant;0,328;0/1
chr12;6022003;6022003;C;T;VWF;VWF:NM_000552:c.C3571T:p.V1191I;missense_variant;0,000006571;0/1
chr12;998365;998365;G;T;WNK1;WNK1:NM_014823:c.G4683T:p.M1561I;missense_variant;0,377;0/1
chr12;7355269;7355269;T;C;PEX5;PEX5:NM_000319:c.T815C:p.M272T;missense_variant;0,00882;0/1
chr12;11214212;11214212;A;T;TAS2R46;TAS2R46:NM_176887:c.T682A:p.L228M;missense_variant;0,426;0/1
chr12;31135478;31135478;T;C;TSPAN11;TSPAN11:NM_001080509:c.T468C:p.C156C;synonymous_variant;0,957;1/1
chr12;50747005;50747005;T;C;FAM186A;FAM186A:NM_001145475:c.A3610G:p.R1204G;missense_variant;0,539;1/1
chr12;55715119;55715119;G;A;OR6C1;OR6C1:NM_001005182:c.G736A:p.V246I;missense_variant;0,767;1/1
chr12;58010163;58010163;A;G;ARHGEF25;ARHGEF25:NM_182947:c.A1517G:p.Q506R;missense_variant;0,624;0/1
chr12;89916811;89916811;C;T;GALNT4;GALNT4:NM_003774:c.G1516A:p.V506I;missense_variant;0,277;0/1
chr12;110013879;110013879;G;A;MVK;MVK:NM_000431:c.G155A:p.S52N;missense_variant;0,102;0/1
chr12;122845698;122845698;C;A;CLIP1;CLIP1:NM_001247997:c.G813T:p.L271F;missense_variant;0,261;0/1
chr12;133780851;133780851;G;C;ZNF268;ZNF268:NM_001165881:c.G2579C:p.R860T;missense_variant;0,118;0/1
chr13;26153950;26153950;G;T;ATP8A2;ATP8A2:NM_001313741:c.G1752T:p.L584F;missense_variant;0,022;0/1
chr13;52709938;52709938;A;C;NEK3;NEK3:NM_001146099:c.T1185G:p.P395P;synonymous_variant;0,301;0/1
chr13;103528002;103528002;G;C;ERCC5;ERCC5:NM_000123:c.G3310C:p.D1104H;missense_variant;0,277;0/1
chr14;20841707;20841707;C;T;TEP1;TEP1:NM_007110:c.G6640A:p.V2214I;missense_variant;0,258;1/1
chr14;50781234;50781234;A;G;ATL1;ATL1:NM_001127713.2:c.752A>G:p.N251S;missense_variant;0,3;0/1
chr14;51224417;51224417;G;C;NIN;NIN:NM_020921:c.C3331G:p.P1111A;missense_variant;0,227;0/1
chr14;62462766;62462766;T;C;SYT16;SYT16:NM_031914:c.T29C:p.V10A;missense_variant;0,743;1/1
chr14;76156609;76156609;C;T;TTLL5;TTLL5:NM_015072:c.C446T:p.A149V;missense_variant;0,574;1/1
chr14;94417541;94417541;A;G;ASB2;ASB2:NM_016150:c.T540C:p.N180N;synonymous_variant;0,819;0/1
chr14;102978563;102978563;A;C;DYNC1H1;DYNC1H1:NM_001376.4:c.9143A>C:p.K3048T;missense_variant;0,122;0/1
chr14;105180565;105180565;T;C;INF2;INF2:NM_001031714:c.T3066C:p.D1022D;synonymous_variant;0,757;1/1
chr15;29418520;29418520;C;T;FAM189A1;FAM189A1:NM_015307:c.G1178A:p.R393H;missense_variant;0,65;1/1
chr15;42434254;42434254;G;A;PLA2G4F;PLA2G4F:NM_213600:c.C2478T:p.N826N;synonymous_variant;0,468;0/1
chr15;42630673;42630673;A;G;GANC;GANC:NM_198141:c.A1828G:p.I610V;missense_variant;0,00625;0/1
chr15;60803741;60803741;C;T;RORA;RORA:NM_134262:c.G339A:p.Q113Q;synonymous_variant;0,076;0/1
chr15;72637795;72637795;T;C;HEXA;HEXA:NM_000520:c.A1518G:p.E506E;synonymous_variant;0,964;1/1
chr15;81637284;81637284;G;A;TMC3;TMC3:NM_001080532:c.C1341T:p.A447A;synonymous_variant;0,632;1/1
chr15;90213229;90213229;G;C;PLIN1;PLIN1:NM_001145311:c.C580G:p.P194A;missense_variant;0,937;1/1
chr15;99511804;99511804;-;C;PGPEP1L;PGPEP1L:NM_001102612:c.493dupG:p.V165fs;frameshift_variant;0,505;1/1
chr16;173384;173384;T;G;HBA2;HBA2:NM_002102:c.T325G:p.S109A;missense_variant;0,01879;0/1
chr16;549203;549203;T;C;CAPN15;CAPN15:NM_005632.3:c.1658+2T>C;splice_donor_variant;0;0/1
chr16;839262;839262;A;G;CHTF18;CHTF18:NM_022092:c.A339G:p.R113R;synonymous_variant;0,983;1/1
chr16;2818161;2818161;T;C;SRRM2;SRRM2:NM_016333:c.T7632C:p.S2544S;synonymous_variant;0,765;1/1
chr16;3019783;3019783;G;C;PAQR4;PAQR4:NM_001284511:c.G108C:p.S36S;synonymous_variant;0,00121;0/1
chr16;5075542;5075542;G;A;NAGPA;NAGPA:NM_016256:c.C1485T:p.N495N;synonymous_variant;0,701;0/1
chr16;22826321;22826321;G;A;HS3ST2;HS3ST2:NM_006043:c.G390A:p.V130V;synonymous_variant;0,015;0/1
chr16;57996932;57996932;G;A;CNGB1;CNGB1:NM_001135639:c.C327T:p.G109G;synonymous_variant;0,43;1/1
chr16;74444838;74444838;A;G;CLEC18B;CLEC18B:NM_001011880:c.T1079C:p.I360T;missense_variant;0,191;0/1
chr16;81253772;81253772;G;A;PKD1L2;PKD1L2:NM_001076780:c.C204T:p.D68D;synonymous_variant;0,00981;0/1
chr16;89350178;89350178;G;A;ANKRD11;ANKRD11:NM_001256183:c.C2772T:p.T924T;synonymous_variant;0,798;1/1
chr16;89782976;89782976;C;T;VPS9D1;VPS9D1:NM_004913:c.G325A:p.G109S;missense_variant;0,00429;0/1
chr17;1795180;1795180;T;C;RPA1;RPA1:NM_002945:c.T1605C:p.S535S;synonymous_variant;0,234;0/1
chr17;4045923;4045923;G;C;ZZEF1;ZZEF1:NM_015113:c.C267G:p.G89G;synonymous_variant;0,00202;0/1
chr17;7477938;7477938;G;C;EIF4A1;EIF4A1:NM_001204510:c.G147C:p.A49A;synonymous_variant;0,895;0/1
chr17;18219835;18219835;T;C;SMCR8;SMCR8:NM_144775:c.T732C:p.I244I;synonymous_variant;0,243;0/1
chr17;21318663;21318663;G;A;KCNJ12;KCNJ18:NM_001194958:c.G9A:p.A3A;synonymous_variant;0,49;0/1
chr17;36635721;36635721;C;T;ARHGAP23;ARHGAP23:NM_001199417:c.C2481T:p.N827N;synonymous_variant;0,933;1/1
chr17;39140272;39140272;A;G;KRT40;KRT40:NM_182497:c.T254C:p.F85S;missense_variant;0,137;0/1
chr17;40766546;40766546;C;G;TUBG1;TUBG1:NM_001070:c.C1029G:p.R343R;synonymous_variant;0,559;0/1
chr17;45369777;45369777;A;G;ITGB3;ITGB3:NM_000212:c.A1533G:p.E511E;synonymous_variant;0,286;0/1
chr17;56382512;56382512;C;T;BZRAP1;BZRAP1:NM_024418:c.G5274A:p.R1758R;synonymous_variant;0,116;0/1
chr17;65907278;65907278;A;G;BPTF;BPTF:NM_182641:c.A3278G:p.K1093R;missense_variant;0,015;0/1
chr17;73488794;73488794;C;T;KIAA0195;TMEM94:NM_014738:c.C1836T:p.I612I;synonymous_variant;0,755;1/1
chr17;78055758;78055758;T;G;CCDC40;CCDC40:NM_001243342:c.T1890G:p.A630A;synonymous_variant;0,487;1/1
chr17;79899272;79899272;A;G;MYADML2;MYADML2:NM_001145113:c.T346C:p.S116P;missense_variant;0,507;0/1
chr18;21891975;21891975;A;G;OSBPL1A;OSBPL1A:NM_080597:c.T1065C:p.S355S;synonymous_variant;0,216;0/1
chr18;47812587;47812587;C;T;CXXC1;CXXC1:NM_001101654:c.G264A:p.K88K;synonymous_variant;0,101;0/1
chr18;72776121;72776121;G;A;ZNF407;ZNF407:NM_017757:c.G6444A:p.T2148T;synonymous_variant;0,816;1/1
chr18;73000088;73000088;G;A;TSHZ1;TSHZ1:NM_001308210:c.G2726A:p.R909Q;missense_variant;0,00129;0/1
chr19;1370675;1370675;C;G;MUM1;MUM1:NM_032853:c.C1587G:p.V529V;synonymous_variant;0,267;0/1
chr19;4513143;4513143;C;T;PLIN4;PLIN4:NM_001080400:c.G787A:p.G263S;missense_variant;0,871;1/1
chr19;7913974;7913974;T;C;EVI5L;EVI5L:NM_001159944:c.T495C:p.H165H;synonymous_variant;0,752;1/1
chr19;10077419;10077419;C;G;COL5A3;COL5A3:NM_015719:c.G4462C:p.A1488P;missense_variant;0,268;0/1
chr19;12542772;12542772;C;T;ZNF443;ZNF443:NM_005815:c.G214A:p.V72I;missense_variant;0,406;0/1
chr19;16045141;16045141;T;C;CYP4F11;CYP4F11:NM_021187:c.A78G:p.G26G;synonymous_variant;0,812;1/1
chr19;18378219;18378219;A;G;KIAA1683;KIAA1683:NM_001145304:c.T131C:p.L44P;missense_variant;0,491;0/1
chr19;22574818;22574818;T;C;ZNF98;ZNF98:NM_001098626:c.A1219G:p.K407E;missense_variant;0,371;1/1
chr19;38939408;38939408;T;C;RYR1;RYR1:NM_000540:c.T1077C:p.A359A;synonymous_variant;0,884;1/1
chr19;43382374;43382374;C;G;PSG1;PSG1:NM_001184825:c.G121C:p.E41Q;missense_variant;0,307;0/1
chr19;45448465;45448465;T;G;APOC4;APOC4:NM_001646:c.T287G:p.L96R;missense_variant;0,389;0/1
chr19;50358133;50358133;T;G;PTOV1;PTOV1:NM_001305105:c.T438G:p.P146P;synonymous_variant;0,339;1/1
chr19;52004903;52004903;G;A;SIGLEC12;SIGLEC12:NM_053003:c.C85T:p.Q29X;stop_gained;0,18;1/1
chr19;52825235;52825235;A;G;ZNF480;ZNF480:NM_001297624:c.A603G:p.S201S;synonymous_variant;0,561;1/1
chr19;55378008;55378008;C;T;KIR3DL2;KIR3DL2:NM_001242867:c.C1139T:p.T380M;missense_variant;0,311;0/1
chr19;56041255;56041255;C;G;SBK2;SBK2:NM_001101401:c.G892C:p.A298P;missense_variant;0,973;1/1
chr19;58018618;58018618;A;G;ZNF773;ZNF773:NM_001304334:c.A1152G:p.K384K;synonymous_variant;0,185;0/1
chr20;210306;210306;C;G;DEFB129;DEFB129:NM_080831:c.C446G:p.T149S;missense_variant;0,143;1/1
chr20;6096632;6096632;G;A;FERMT1;FERMT1:NM_017671:c.C211T:p.L71L;synonymous_variant;0,085;0/1
chr20;33574765;33574765;T;C;MYH7B;MYH7B:NM_020884:c.T1107C:p.N369N;synonymous_variant;0,195;0/1
chr20;47865509;47865509;G;A;ZNFX1;ZNFX1:NM_021035:c.C4052T:p.T1351I;missense_variant;0,695;1/1
chr20;61981134;61981134;G;A;CHRNA4;CHRNA4:NM_000744:c.C1629T:p.S543S;synonymous_variant;0,459;0/1
chr21;31964916;31964916;A;C;KRTAP6-3;KRTAP6-3:NM_181605:c.A152C:p.Y51S;missense_variant;0,597;0/1
chr21;44323461;44323461;G;A;NDUFV3;NDUFV3:NM_021075:c.G339A:p.P113P;synonymous_variant;0,084;0/1
chr22;17073066;17073066;A;G;CCT8L2;CCT8L2:NM_014406:c.T375C:p.A125A;synonymous_variant;0,892;1/1
chr22;21742684;21742684;C;T;RIMBP3B;RIMBP3C:NM_001128633:c.C4537T:p.R1513C;missense_variant;0,128;0/1
chr22;32756744;32756744;A;G;RFPL3;RFPL3:NM_001098535:c.A879G:p.Q293Q;synonymous_variant;0,409;0/1
chr22;37581422;37581422;G;C;C1QTNF6;C1QTNF6:NM_031910:c.C125G:p.P42R;missense_variant;0,199;0/1
chr22;42523610;42523610;C;T;CYP2D6;CYP2D6:NM_001025161:c.G859A:p.V287M;missense_variant;0,00852;0/1
chr22;43579081;43579081;C;T;TTLL12;TTLL12:NM_015140:c.G252A:p.R84R;synonymous_variant;0,00948;0/1
chr22;46731689;46731689;G;T;TRMU;TRMU:NM_001282785:c.G28T:p.A10S;missense_variant;0,075;0/1
chrX;71791912;71791912;C;T;HDAC8;HDAC8:NM_001166418:c.G159A:p.Q53Q;synonymous_variant;0,18;1/1
chrX;91879244;91879244;G;A;PCDH11X;PCDH11X:NM_032968.5:c.G3004A:p.Q1002K;missense_variant;0,00005009;0/1
chrX;101395780;101395780;-;G;TCEAL6;TCEAL6:NM_001006938:c.523dupC:p.Q175fs;frameshift_variant;0,935;1/1
chrX;150791503;150791503;A;G;PASD1;PASD1:NM_173493:c.A513G:p.G171G;synonymous_variant;0,15;1/1
chrX;153214500;153214500;G;A;L1CAM;L1CAM:NM_000425.5:c.G2041A:p.G681S;missense_variant;0,45;0/1
chrX;154535000;154535000;G;A;G6PD;G6PD:NM_001042351:c.G1116GA:p.Q372Q;synonymous_variant;0,03154;0/1
chrX;154837676;154837676;C;T;F8;F8:NM_000132.4:c.C6976T:p.R2326X;stop_gained;0;0/1
chrX;154904408;154904408;G;T;F8;F8:NM_000132.4:c.C5703A:p.I1901I;synonymous_variant;0,0001871;0/1
chrX;139560836;139560836;T;C;F9;F9:NM_000133:c.T819C:p.V273V;missense_variant;0,001125;0/1