Chr;Start;End;Ref;Alt;Gene;Variant;Consequence;Freq_pop;II-3;;
chr1;41668396;41668396;G;A;ANK1;ANK1:NM_000037:c.G5265A:p.V1755V;synonymous_variant;0,2266;0/1;;
chr2;85780131;85780131;G;A;GGCX;GGCX:NM_001142269:c.C1047T:p.R349R;synonymous_variant;0,266;0/1;;
chr6;35423886;35423886;C;T;FANCE;FANCE:NM_021922:c.C611T:p.S204L;missense_variant;0,017;0/1;;
chr12;110013879;110013879;G;A;MVK;MVK:NM_000431:c.G155A:p.S52N;missense_variant;0,102;0/1;;
chr12;6022003;6022003;C;T;VWF;VWF:NM_000552:c.C3571T:p.V1191I;missense_variant;0,000006571;0/1;;
chr16;173384;173384;T;G;HBA2;HBA2:NM_002102:c.T325G:p.S109A;missense_variant;0,01879;0/1;;
chr17;45369777;45369777;A;G;ITGB3;ITGB3:NM_000212:c.A1533G:p.E511E;synonymous_variant;0,286;0/1;;
chr19;55378008;55378008;C;T;KIR3DL2;KIR3DL2:NM_001242867:c.C1139T:p.T380M;missense_variant;0,311;0/1;;
chrX;139560836;139560836;T;C;F9;F9:NM_000133:c.T819C:p.V273V;missense_variant;0,001125;0/1;;
chrX;154535000;154535000;G;A;G6PD;G6PD:NM_001042351:c.G1116GA:p.Q372Q;synonymous_variant;0,03154;0/1;;
chrX;154837676;154837676;C;T;F8;F8:NM_000132.4:c.C6976T:p.R2326X;stop_gained;0;0/1;;
chrX;154904408;154904408;G;T;F8;F8:NM_000132.4:c.C5703A:p.I1901I;synonymous_variant;0,0001871;0/1;;